[
  {
    "id": "2a7d2404-b346-47d7-b31c-7a3322712460",
    "data": [
      {
        "text": "Ich will etwas kochen mit ",
        "userDefined": false
      },
      {
        "text": "Zwiebel",
        "alias": "ingredient",
        "meta": "@ingredient",
        "userDefined": true
      },
      {
        "text": " und ",
        "userDefined": false
      },
      {
        "text": "Zucchini",
        "alias": "ingredient",
        "meta": "@ingredient",
        "userDefined": true
      }
    ],
    "isTemplate": false,
    "count": 0,
    "updated": 1529841569
  },
  {
    "id": "d4d62334-e1a8-44a8-abf8-7d0629d2d2b9",
    "data": [
      {
        "text": "Ich will gerne ",
        "userDefined": false
      },
      {
        "text": "Wurst",
        "alias": "recipeName",
        "meta": "@recipeName",
        "userDefined": true
      },
      {
        "text": " backen",
        "userDefined": false
      }
    ],
    "isTemplate": false,
    "count": 0,
    "updated": 1529841569
  },
  {
    "id": "ed3112f1-b0a3-4d23-b8da-99facee4c587",
    "data": [
      {
        "text": "Ich würde gerne ",
        "userDefined": false
      },
      {
        "text": "Wurst",
        "alias": "recipeName",
        "meta": "@recipeName",
        "userDefined": true
      },
      {
        "text": " kochen",
        "userDefined": false
      }
    ],
    "isTemplate": false,
    "count": 0,
    "updated": 1529841569
  },
  {
    "id": "51d2e129-6c25-45e4-a1c8-b1469ee0d18a",
    "data": [
      {
        "text": "Ich würde gerne ",
        "userDefined": false
      },
      {
        "text": "Wurst",
        "alias": "recipeName",
        "meta": "@recipeName",
        "userDefined": true
      },
      {
        "text": " machen",
        "userDefined": false
      }
    ],
    "isTemplate": false,
    "count": 0,
    "updated": 1529841569
  },
  {
    "id": "df9488dc-791a-41db-aeaa-17897752c58f",
    "data": [
      {
        "text": "zeig mir ein Rezept für eine ",
        "userDefined": false
      },
      {
        "text": "Suppe",
        "alias": "recipeName",
        "meta": "@recipeName",
        "userDefined": true
      }
    ],
    "isTemplate": false,
    "count": 0,
    "updated": 1529841569
  },
  {
    "id": "4b1e45fb-53e0-4985-b1a3-6a1c6579aed8",
    "data": [
      {
        "text": "Wie kann ich ",
        "userDefined": false
      },
      {
        "text": "Lasagne",
        "alias": "recipeName",
        "meta": "@recipeName",
        "userDefined": false
      },
      {
        "text": " kochen",
        "userDefined": false
      }
    ],
    "isTemplate": false,
    "count": 0,
    "updated": 1529841569
  },
  {
    "id": "79459681-6976-4f54-8ddb-5d17750cbc7a",
    "data": [
      {
        "text": "gib mir ein Rezept für ",
        "userDefined": false
      },
      {
        "text": "Lasagne",
        "alias": "recipeName",
        "meta": "@recipeName",
        "userDefined": true
      }
    ],
    "isTemplate": false,
    "count": 0,
    "updated": 1529841569
  },
  {
    "id": "83bcc1d2-682f-47e7-85cf-dbc6dff4fc0d",
    "data": [
      {
        "text": "Gib mir ein Rezept, dass ich mit ",
        "userDefined": false
      },
      {
        "text": "Fleisch",
        "alias": "ingredient",
        "meta": "@ingredient",
        "userDefined": true
      },
      {
        "text": " kochen kann",
        "userDefined": false
      }
    ],
    "isTemplate": false,
    "count": 0,
    "updated": 1529841569
  },
  {
    "id": "c55234e1-664e-4e63-977d-5005f02f1294",
    "data": [
      {
        "text": "gib mir ein Rezept, das ",
        "userDefined": false
      },
      {
        "text": "Kartoffeln",
        "alias": "ingredient",
        "meta": "@ingredient",
        "userDefined": true
      },
      {
        "text": " enthält",
        "userDefined": false
      }
    ],
    "isTemplate": false,
    "count": 0,
    "updated": 1529841569
  },
  {
    "id": "e9fea49f-be72-47ad-88e2-cb32f1c14d80",
    "data": [
      {
        "text": "Was kann ich mit ",
        "userDefined": false
      },
      {
        "text": "Zucchini",
        "alias": "ingredient",
        "meta": "@ingredient",
        "userDefined": true
      },
      {
        "text": " ",
        "userDefined": false
      },
      {
        "text": "Aubergine",
        "alias": "ingredient",
        "meta": "@ingredient",
        "userDefined": true
      },
      {
        "text": " und ",
        "userDefined": false
      },
      {
        "text": "karotte",
        "alias": "ingredient",
        "meta": "@ingredient",
        "userDefined": true
      },
      {
        "text": " kochen die weniger als ",
        "userDefined": false
      },
      {
        "text": "45 Minuten",
        "alias": "duration",
        "meta": "@sys.duration",
        "userDefined": true
      },
      {
        "text": " dauert",
        "userDefined": false
      }
    ],
    "isTemplate": false,
    "count": 0,
    "updated": 1529841569
  },
  {
    "id": "7bcaf08b-ca69-40c8-8b7a-f0a9797409ed",
    "data": [
      {
        "text": "Ich koche etwas mit ",
        "userDefined": false
      },
      {
        "text": "tomaten",
        "alias": "ingredient",
        "meta": "@ingredient",
        "userDefined": true
      },
      {
        "text": " und ",
        "userDefined": false
      },
      {
        "text": "zwiebel",
        "alias": "ingredient",
        "meta": "@ingredient",
        "userDefined": true
      }
    ],
    "isTemplate": false,
    "count": 0,
    "updated": 1529841569
  },
  {
    "id": "af983553-8975-4e2e-9b78-cd2b40df7caf",
    "data": [
      {
        "text": "Ich möchte mit ",
        "userDefined": false
      },
      {
        "text": "tomaten",
        "alias": "ingredient",
        "meta": "@ingredient",
        "userDefined": true
      },
      {
        "text": " etwas kochen, das es ungefähr ",
        "userDefined": false
      },
      {
        "text": "zwei Stunden",
        "alias": "duration",
        "meta": "@sys.duration",
        "userDefined": true
      },
      {
        "text": " dauert und ",
        "userDefined": false
      },
      {
        "text": "nicht so schwierig",
        "alias": "difficulty",
        "meta": "@difficulty",
        "userDefined": true
      }
    ],
    "isTemplate": false,
    "count": 0,
    "updated": 1529841569
  }
]