[
  {
    "id": "81433158-42e7-4997-9eb2-39e2b7b8454c",
    "data": [
      {
        "text": "kein Interesse",
        "userDefined": false
      }
    ],
    "isTemplate": false,
    "count": 1,
    "updated": 1497519195
  },
  {
    "id": "f44961a1-1697-4957-91d7-e588f51d01b8",
    "data": [
      {
        "text": "das möchte ich nicht",
        "userDefined": false
      }
    ],
    "isTemplate": false,
    "count": 1,
    "updated": 1497436126
  },
  {
    "id": "d723622a-dcf5-4a54-ac4c-950b26ff84b0",
    "data": [
      {
        "text": "mach das nicht",
        "userDefined": false
      }
    ],
    "isTemplate": false,
    "count": 0,
    "updated": 1497436126
  },
  {
    "id": "4803cb52-ad66-40b3-9470-03e44b2c8b6f",
    "data": [
      {
        "text": "nein danke",
        "userDefined": false
      }
    ],
    "isTemplate": false,
    "count": 1,
    "updated": 1497436126
  },
  {
    "id": "910ca988-bad8-4478-bd7d-63cffaa58179",
    "data": [
      {
        "text": "nein",
        "userDefined": false
      }
    ],
    "isTemplate": false,
    "count": 4,
    "updated": 1497436126
  },
  {
    "id": "80be0ccc-9880-4835-a5a1-777faa92682f",
    "data": [
      {
        "text": "ich denke nicht",
        "userDefined": false
      }
    ],
    "isTemplate": false,
    "count": 0,
    "updated": 1497436126
  },
  {
    "id": "71e6df71-7018-48cd-a7fb-b9fda2e2d4e0",
    "data": [
      {
        "text": "eigentlich nicht",
        "userDefined": false
      }
    ],
    "isTemplate": false,
    "count": 0,
    "updated": 1497436126
  },
  {
    "id": "6a71b29d-a4ef-4c61-8ebb-0cec7fead3ea",
    "data": [
      {
        "text": "ich bin nicht einverstanden",
        "userDefined": false
      }
    ],
    "isTemplate": false,
    "count": 1,
    "updated": 1497436126
  },
  {
    "id": "069d1176-7c1c-4433-9bf7-87aee562daa5",
    "data": [
      {
        "text": "auf keinen Fall",
        "userDefined": false
      }
    ],
    "isTemplate": false,
    "count": 1,
    "updated": 1497519195
  }
]