[
  {
    "id": "93cfab23-4a13-44a2-9e10-a7506f56f925",
    "data": [
      {
        "text": "mach das",
        "userDefined": false
      }
    ],
    "isTemplate": false,
    "count": 0,
    "updated": 1497436128
  },
  {
    "id": "2c77e4a6-bb92-4229-844b-0092525f6ce0",
    "data": [
      {
        "text": "ja",
        "userDefined": false
      }
    ],
    "isTemplate": false,
    "count": 2,
    "updated": 1497436128
  },
  {
    "id": "fe945227-a2b3-4f73-91cb-a88f88f537d1",
    "data": [
      {
        "text": "natürlich",
        "userDefined": false
      }
    ],
    "isTemplate": false,
    "count": 1,
    "updated": 1497436128
  },
  {
    "id": "8d3bd854-3dfd-44c7-bcd6-010b29130933",
    "data": [
      {
        "text": "bestätigen",
        "userDefined": false
      }
    ],
    "isTemplate": false,
    "count": 0,
    "updated": 1497436128
  },
  {
    "id": "92b7c04d-1f57-436d-bfac-cd00f5e64908",
    "data": [
      {
        "text": "klingt gut",
        "userDefined": false
      }
    ],
    "isTemplate": false,
    "count": 0,
    "updated": 1497436128
  },
  {
    "id": "b70c2006-3dae-4f5e-bab9-a0a6de788a61",
    "data": [
      {
        "text": "ist mir egal",
        "userDefined": false
      }
    ],
    "isTemplate": false,
    "count": 1,
    "updated": 1497436128
  },
  {
    "id": "2d92417c-ca77-46e4-be85-d25cba6239f7",
    "data": [
      {
        "text": "genau",
        "userDefined": false
      }
    ],
    "isTemplate": false,
    "count": 2,
    "updated": 1497436128
  },
  {
    "id": "d7609b77-b531-4bc2-a577-142cdc8aa625",
    "data": [
      {
        "text": "klar",
        "userDefined": false
      }
    ],
    "isTemplate": false,
    "count": 1,
    "updated": 1497436128
  },
  {
    "id": "22b5cf70-8f21-4495-9d32-5f9bb97ab882",
    "data": [
      {
        "text": "das ist richtig",
        "userDefined": false
      }
    ],
    "isTemplate": false,
    "count": 1,
    "updated": 1497436128
  },
  {
    "id": "d66d076f-b9f6-4413-94f2-ce5ef62aab0a",
    "data": [
      {
        "text": "einverstanden",
        "userDefined": false
      }
    ],
    "isTemplate": false,
    "count": 0,
    "updated": 1497436128
  }
]