[
  {
    "id": "21b6ccea-bd27-44fc-a49a-d593cd282c39",
    "data": [
      {
        "text": "weiter",
        "userDefined": false
      }
    ],
    "isTemplate": false,
    "count": 2,
    "updated": 1529588015
  },
  {
    "id": "c2d7843f-e8ca-4b84-a97e-19a130da66ab",
    "data": [
      {
        "text": "zeig mir das Nächste",
        "userDefined": false
      }
    ],
    "isTemplate": false,
    "count": 0,
    "updated": 1497436135
  },
  {
    "id": "93e542d2-8f98-4aab-837b-95075c3d2b13",
    "data": [
      {
        "text": "zeig mir die nächste Seite",
        "userDefined": false
      }
    ],
    "isTemplate": false,
    "count": 1,
    "updated": 1497436135
  },
  {
    "id": "b9c76d02-63cb-47f9-8232-c82896316547",
    "data": [
      {
        "text": "zeig mir die folgenden Ergebnisse",
        "userDefined": false
      }
    ],
    "isTemplate": false,
    "count": 0,
    "updated": 1497436135
  },
  {
    "id": "be81fd1e-81be-4e09-81c3-6cbe4156e2f1",
    "data": [
      {
        "text": "öffne die nächste Seite",
        "userDefined": false
      }
    ],
    "isTemplate": false,
    "count": 0,
    "updated": 1497436135
  },
  {
    "id": "290aab61-9e34-4930-988e-da07ea6a20c7",
    "data": [
      {
        "text": "lies die nächsten Ergebnisse",
        "userDefined": false
      }
    ],
    "isTemplate": false,
    "count": 1,
    "updated": 1497436135
  },
  {
    "id": "049bf2e9-d823-4ffb-85b6-33821118916e",
    "data": [
      {
        "text": "vorwärts",
        "userDefined": false
      }
    ],
    "isTemplate": false,
    "count": 2,
    "updated": 1497436135
  },
  {
    "id": "169b7997-af17-47c0-81b0-13505839df25",
    "data": [
      {
        "text": "nächstes Ergebnis",
        "userDefined": false
      }
    ],
    "isTemplate": false,
    "count": 1,
    "updated": 1497436135
  },
  {
    "id": "ba590689-b658-47b8-adc1-940d53f980c0",
    "data": [
      {
        "text": "wechsel zum nächsten",
        "userDefined": false
      }
    ],
    "isTemplate": false,
    "count": 1,
    "updated": 1497436135
  },
  {
    "id": "cdbb326c-9ca0-4dc6-92c3-dd9fecc225cc",
    "data": [
      {
        "text": "nächste Seite",
        "userDefined": false
      }
    ],
    "isTemplate": false,
    "count": 0,
    "updated": 1497436135
  }
]