[
  {
    "id": "51327271-526e-4e74-a650-b591cee81f27",
    "data": [
      {
        "text": "Einen schönen Tag",
        "userDefined": false
      }
    ],
    "isTemplate": false,
    "count": 0,
    "updated": 1529616147
  },
  {
    "id": "ffede0fa-7da2-43e1-9d2c-53ba78c2d74a",
    "data": [
      {
        "text": "Vielen dank",
        "userDefined": false
      }
    ],
    "isTemplate": false,
    "count": 0,
    "updated": 1529616147
  },
  {
    "id": "6966b438-a392-43e4-b759-a7ce2ddfec03",
    "data": [
      {
        "text": "danke",
        "userDefined": false
      }
    ],
    "isTemplate": false,
    "count": 0,
    "updated": 1529616147
  },
  {
    "id": "8b5bd4e8-69ae-4ff0-be27-aa5c6a744bf4",
    "data": [
      {
        "text": "danke sehr",
        "userDefined": false
      }
    ],
    "isTemplate": false,
    "count": 0,
    "updated": 1529616147
  }
]