[
  {
    "id": "7766b7c6-7956-4598-8216-0957554ae757",
    "data": [
      {
        "text": "Ich habe gefunden, wonach ich gesucht habe",
        "userDefined": false
      }
    ],
    "isTemplate": false,
    "count": 0,
    "updated": 1529616703
  },
  {
    "id": "ed16f274-c990-4839-82e7-95e024eeaa5c",
    "data": [
      {
        "text": "Vielen Dank",
        "userDefined": false
      }
    ],
    "isTemplate": false,
    "count": 0,
    "updated": 1529616703
  },
  {
    "id": "fc2db19b-4034-427d-9b25-ea37665809a3",
    "data": [
      {
        "text": "Danke",
        "userDefined": false
      }
    ],
    "isTemplate": false,
    "count": 0,
    "updated": 1529616703
  },
  {
    "id": "039f2cb9-5c63-42d4-9cbe-a3496a29450f",
    "data": [
      {
        "text": "Danke sehr",
        "userDefined": false
      }
    ],
    "isTemplate": false,
    "count": 0,
    "updated": 1529616703
  }
]