[
  {
    "id": "48435d24-4e8e-474e-9215-e7c6e161dc8b",
    "data": [
      {
        "text": "Ich möchte eine neue Suche machen",
        "userDefined": false
      }
    ],
    "isTemplate": false,
    "count": 0,
    "updated": 1529615908
  },
  {
    "id": "5d048811-34e8-45c8-9ff4-3d992a511808",
    "data": [
      {
        "text": "neue Suche",
        "userDefined": false
      }
    ],
    "isTemplate": false,
    "count": 0,
    "updated": 1529615908
  },
  {
    "id": "6c544a61-7a93-42d3-8f73-8d37c6963589",
    "data": [
      {
        "text": "neues Rezept bitte",
        "userDefined": false
      }
    ],
    "isTemplate": false,
    "count": 0,
    "updated": 1529615908
  },
  {
    "id": "e41e2a70-fc01-456c-b0ba-61b459b36dac",
    "data": [
      {
        "text": "Ich möchte ",
        "userDefined": false
      },
      {
        "text": "nach einem",
        "meta": "@sys.ignore",
        "userDefined": false
      },
      {
        "text": " Rezept suchen",
        "userDefined": false
      }
    ],
    "isTemplate": false,
    "count": 0,
    "updated": 1529615908
  }
]